{
  "project_info": {
    "project_number": "990303137987",
    "firebase_url": "https://store-71ab2.firebaseio.com",
    "project_id": "store-71ab2",
    "storage_bucket": "store-71ab2.appspot.com"
  },
  "client": [
    {
      "client_info": {
        "mobilesdk_app_id": "1:990303137987:android:99c50fcecdd40878873276",
        "android_client_info": {
          "package_name": "com.example.assign"
        }
      },
      "oauth_client": [
        {
          "client_id": "990303137987-rtqbci45fhi7304f1rad673ib21uifno.apps.googleusercontent.com",
          "client_type": 3
        }
      ],
      "api_key": [
        {
          "current_key": "AIzaSyC7QREFkmHu27qOFQxWDfanLdI6E9XyUsQ"
        }
      ],
      "services": {
        "appinvite_service": {
          "other_platform_oauth_client": [
            {
              "client_id": "990303137987-rtqbci45fhi7304f1rad673ib21uifno.apps.googleusercontent.com",
              "client_type": 3
            }
          ]
        }
      }
    }
  ],
  "configuration_version": "1"
}